pipeline,meteor,bertscore_f1,cosine_sim,avg_latency_sec
vector_llama,0.0,0.8905287981033325,0.7825621490486387,2.1645782152811686
vector_mistral,0.0,0.9152437448501587,0.8400522137853333,1.0393176476160686
vector_qwen,0.0,0.8859226703643799,0.797191760308512,4.505634872118632
graph_llama,0.0,0.7572262287139893,0.5881932859257318,7.378591076533
graph_mistral,0.0,0.8697357773780823,0.7132602011278028,4.548923365275065
graph_qwen,0.0,0.8581469655036926,0.6837175940279618,9.462379495302836
